[
  {
    "numb": 1,
    "question": "Kapan",
    "answer": "Sekarang",
    "options": [
      "Nanti",
      "Besok",
      "Lusa",
      "Sekarang"
    ]
  },
  {
    "numb": 1,
    "question": "Kapan",
    "answer": "Sekarang2",
    "options": [
      "Nanti2",
      "Besok2",
      "Lusa2",
      "Sekarang2"
    ]
  },
  {
    "numb": 1,
    "question": "Kapan",
    "answer": "Sekarang",
    "options": [
      "Nanti3",
      "Besok3",
      "Lusa3",
      "Sekarang3"
    ]
  },
  {
    "numb": 1,
    "question": "Kapan",
    "answer": "Sekarang",
    "options": [
      "Nanti4",
      "Besok4",
      "Lusa4",
      "Sekarang4"
    ]
  },
  {
    "numb": 1,
    "question": "Kapan",
    "answer": "Sekarang",
    "options": [
      "Nanti",
      "Besok",
      "Lusa",
      "Sekarang"
    ]
  },
  {
    "numb": 1,
    "question": "Kapan",
    "answer": "Sekarang",
    "options": [
      "Nanti",
      "Besok",
      "Lusa",
      "Sekarang"
    ]
  },
  {
    "numb": 1,
    "question": "Kapan",
    "answer": "Sekarang",
    "options": [
      "Nanti",
      "Besok",
      "Lusa",
      "Sekarang"
    ]
  },
  {
    "numb": 1,
    "question": "Kapan",
    "answer": "Sekarang",
    "options": [
      "Nanti",
      "Besok",
      "Lusa",
      "Sekarang"
    ]
  
  }
]