[{"numb":1,"question":"Sistem menghubungkan komputer berbagi data?","answer":"Jaringan Komputer","options":["Jaringan komputer","Jaringan Internet","Bluetooth","Jaringan Komputer"]},{"numb":2,"question":"Komputer yang berfungsi sebagai server","answer":"Komputer Server","options":["Modem","Komputer Server","Komputer Client","Komputer yang menyimpen database?"]},{"numb":3,"question":"Pemberi IP Address?","answer":"Router","options":["NIC","Router","PC","Router"]},{"numb":4,"question":"Jaringan  lokal atau dalam cakupan kecil?","answer":"LAN","options":["MAN","LAN","WAN","LAN"]},{"numb":5,"question":"Contoh Topologi Jaringan adalah?","answer":"Topologi Star, Topologi Bus, Topologi Ring","options":["Topologi rantai, Topologi bintang","Topologi Star, Topologi Bus, Topologi Ring","Topologi air","Topologi Star, Topologi Bus, Topologi Ring"]},{"numb":6,"question":"RJ 45, port penghubung kabel?","answer":"Jaringan","options":["Jaringan","Wifi","Printer","Jaringan"]},{"numb":7,"question":"Topologi yang berbentuk bulat?","answer":"Topologi Ring","options":["Topologi Bus","Topologi Ring","Topologi Mesh","Topologi Ring"]},{"numb":8,"question":"Penggunaan Word?","answer":"Pengolah Kata","options":["Tabel","Desain","Pengolah Kata","Pengolah Kata"]},{"numb":9,"question":"Syarat penulisan formula pada Excel?","answer":"=","options":["+","=","@","="]},{"numb":10,"question":"Koneksi Internet?","answer":"Modem, Wifi","options":["Modem, Wifi","Usb","Cabel Jumper","Modem, Wifi"]}]