[{"numb":1,"question":"Sistem menghubungkan komputer berbagi data?","answer":"Jaringan Komputer","options":["wifi","Jaringan Internet","Bluetooth","Jaringan Komputer"]},{"numb":2,"question":"Komputer yang berfungsi melayani permintaan dari komputer client","answer":"Komputer Server","options":["Modem","Usb","Pc","Komputer Server"]},{"numb":3,"question":"Yang memberikan IP Address adalah?","answer":"Router","options":["NIC","Komputer Server","PC","Router"]},{"numb":4,"question":"Jaringan  lokal atau dalam cakupan kecil?","answer":"LAN","options":["MAN","GAN","WAN","LAN"]},{"numb":5,"question":"Contoh Topologi Jaringan adalah?","answer":"Topologi Star, Topologi Bus, Topologi Ring","options":["Topologi rantai, Topologi bintang","Topologi Persegi","Topologi air","Topologi Star, Topologi Bus, Topologi Ring"]},{"numb":6,"question":"RJ 45, port penghubung kabel?","answer":"Jaringan","options":["Carger","Wifi","Printer","Jaringan"]},{"numb":7,"question":"Topologi yang berbentuk bulat?","answer":"Topologi Ring","options":["Topologi Bus","Topologi Tree","Topologi Mesh","Topologi Ring"]},{"numb":8,"question":"Penggunaan MS Word?","answer":"Pengolah Kata","options":["Tabel","Desain","Grafik","Pengolah Kata"]},{"numb":9,"question":"Syarat penulisan formula pada Excel?","answer":"=","options":["+","\/","@","="]},{"numb":10,"question":"Koneksi Internet?","answer":"Modem, Wifi","options":["Modem, TV","Usb","Cabel Jumper","Modem, Wifi"]}]