[{"numb":1,"question":"miring","answer":"\/","options":["!","?",";","\/"]},{"numb":1,"question":null,"answer":null,"options":[null,null,null,null]},{"numb":1,"question":"miring","answer":"\/","options":["!","?",";","\/"]},{"numb":1,"question":"miring","answer":"\/","options":["!","?",";","\/"]},{"numb":1,"question":"miring","answer":"\/","options":["!","?",";","\/"]},{"numb":1,"question":"miring","answer":"\/","options":["!","?",";","\/"]},{"numb":1,"question":"miring","answer":"\/","options":["!","?",";","\/"]},{"numb":1,"question":"miring","answer":"\/","options":["!","?",";","\/"]},{"numb":1,"question":"miring","answer":"\/","options":["!","?",";","\/"]},{"numb":1,"question":"miring","answer":"\/","options":["!","?",";","\/"]}]