[{"numb":1,"question":"Kenapa bisa?","answer":"D","options":["A","B","C","D"]},{"numb":2,"question":"Trus?","answer":"A","options":["D","B","C","A"]},{"numb":3,"question":"Oke?","answer":"A","options":["B","C","D","A"]},{"numb":4,"question":"Iya?","answer":"B","options":["A","D","C","B"]},{"numb":5,"question":"Ohh?","answer":"A","options":["D","B","C","A"]},{"numb":6,"question":"Mengapa?","answer":"D","options":["A","B","C","D"]},{"numb":7,"question":"Apa?","answer":"A","options":["B","C","D","A"]},{"numb":8,"question":"Dimana?","answer":"C","options":["D","A","B","C"]},{"numb":9,"question":"Gimana?","answer":"A","options":["D","C","B","A"]},{"numb":10,"question":"Ga?","answer":"D","options":["B","A","C","D"]}]