[{"numb":1,"question":"Kapan?","answer":"d","options":["a","b","cd","d"]},{"numb":2,"question":"Apa?","answer":"s","options":["l","l","l","Apa?"]},{"numb":3,"question":"Dimana?","answer":"n","options":["k","l","m","n"]},{"numb":4,"question":"G?","answer":"c","options":["m","z","s","c"]},{"numb":5,"question":"s?","answer":"n","options":["k","l","m","n"]},{"numb":6,"question":"?","answer":"sx","options":["M","s","s","sx"]},{"numb":7,"question":"x","answer":"gg","options":["l","h","h","gg"]},{"numb":8,"question":"jx","answer":"ix","options":["j","j","y","ix"]},{"numb":9,"question":"kkl","answer":"llo","options":["k","m","n","llo"]},{"numb":10,"question":"oi","answer":"ls","options":["ko","kj","k","ls"]}]