[{"numb":1,"question":"Prinsip utama dalam metodologi Agile adalah?","answer":"Tanggap terhadap perubahan dan kolaborasi pelanggan","options":["Perencanaan terperinci sejak awal","Menunggu hingga akhir untuk pengujian","Ketergantungan pada dokumentasi rinci","Tanggap terhadap perubahan dan kolaborasi pelanggan"]},{"numb":2,"question":"Salah satu platform musik teratas","answer":"Spotify","options":["Whatsapp","Tiktok","BBM","Spotify"]},{"numb":3,"question":"Proses pengembangan perangkat lunak dilakukan melalui serangkaian iterasi atau siklus. Disebut?","answer":"Iterative","options":["Agile","SDLC","Waterfall","Iterative"]},{"numb":4,"question":"Model yang menekankan pada penilaian dan mitigasi risiko. Adalah model?","answer":"Spiral","options":["SDLC","RAD","Waterfall","Spiral"]},{"numb":5,"question":"Apa kepanjangan dari SDLC?","answer":"System Development Life Cycle","options":["Source Deployment Love Cycle","System Development Live Circle","Since Development Like Circle","System Development Life Cycle"]},{"numb":6,"question":"Apa karakteristik utama dari Waterfall?","answer":"Terstruktur dan bergantung pada fase sebelumnya","options":["Tidak memerlukan analisis","Menekankan mitigasi resiko","Iterative dan fleksibel","Terstruktur dan bergantung pada fase sebelumnya"]},{"numb":7,"question":"Pengembangan perangkat lunak yang iteratif dan fleksibel. Disebut metode pengembangan?","answer":"Agile","options":["Waterfall","Spiral","Iterative","Agile"]},{"numb":8,"question":"Model Spiral adalah kolabirasi dari model?","answer":"Waterfall dan Agile","options":["Waterfall dan Iterative","Agile dan Iterative","Iterative dan SDLC","Waterfall dan Agile"]},{"numb":9,"question":"Google Chrome adalah salah satu contoh proyek dari model?","answer":"Iterative","options":["Waterfall","Spiral","Agile","Iterative"]},{"numb":10,"question":"Contoh dari proyek Model Spiral adalah?","answer":"Tesla","options":["Spotify","Tiktok","Youtube","Tesla"]}]